dataset,sample_id,modal,natoms,case,repeat_idx_mean,edge_length_norm_ms_mean,edge_length_norm_ms_load_mean,radial_basis_ms_mean,radial_basis_ms_load_mean,cutoff_ms_mean,cutoff_ms_load_mean,radial_combine_ms_mean,radial_combine_ms_load_mean,spherical_harmonics_ms_mean,spherical_harmonics_ms_load_mean,pair_expand_ms_mean,pair_expand_ms_load_mean,conv_weight_nn_ms_mean,conv_weight_nn_ms_load_mean,conv_src_gather_ms_mean,conv_src_gather_ms_load_mean,conv_filter_gather_ms_mean,conv_filter_gather_ms_load_mean,pair_indexing_ms_mean,pair_indexing_ms_load_mean,conv_message_tp_ms_mean,conv_message_tp_ms_load_mean,conv_aggregation_ms_mean,conv_aggregation_ms_load_mean,conv_denominator_ms_mean,conv_denominator_ms_load_mean,top_input_embedding_ms_mean,top_input_embedding_ms_load_mean,top_interaction_other_ms_mean,top_interaction_other_ms_load_mean,top_readout_ms_mean,top_readout_ms_load_mean,top_force_output_ms_mean,top_force_output_ms_load_mean,model_total_ms_mean,model_total_ms_load_mean,other_ms_mean,other_ms_load_mean,repeat_idx_std,edge_length_norm_ms_std,edge_length_norm_ms_load_std,radial_basis_ms_std,radial_basis_ms_load_std,cutoff_ms_std,cutoff_ms_load_std,radial_combine_ms_std,radial_combine_ms_load_std,spherical_harmonics_ms_std,spherical_harmonics_ms_load_std,pair_expand_ms_std,pair_expand_ms_load_std,conv_weight_nn_ms_std,conv_weight_nn_ms_load_std,conv_src_gather_ms_std,conv_src_gather_ms_load_std,conv_filter_gather_ms_std,conv_filter_gather_ms_load_std,pair_indexing_ms_std,pair_indexing_ms_load_std,conv_message_tp_ms_std,conv_message_tp_ms_load_std,conv_aggregation_ms_std,conv_aggregation_ms_load_std,conv_denominator_ms_std,conv_denominator_ms_load_std,top_input_embedding_ms_std,top_input_embedding_ms_load_std,top_interaction_other_ms_std,top_interaction_other_ms_load_std,top_readout_ms_std,top_readout_ms_load_std,top_force_output_ms_std,top_force_output_ms_load_std,model_total_ms_std,model_total_ms_load_std,other_ms_std,other_ms_load_std
ani1ccx,055:0,spice,55,e3nn_baseline,2.0,0.023946864530444145,2042.0,0.03928239457309246,2042.0,0.08286195807158947,2042.0,0.00878162682056427,16336.0,0.20876405760645866,2042.0,0.0,0.0,0.49589071422815323,10210.0,0.1081942580640316,10210.0,0.0,0.0,0.0,0.0,62.055251840502024,10210.0,0.581476604565978,10210.0,0.05493327043950558,0.0,0.9419717825949192,0.0,60.23250292055309,0.0,2.7863243129104376,0.0,26.794428983703256,0.0,155.24978153407574,0.0,63.58119137585163,0.0,1.4142135623730951,0.002337274235750054,0.0,0.000689849883991788,0.0,0.00206817065273126,0.0,0.00034828579934904815,0.0,0.003605761518282961,0.0,0.0,0.0,0.004592768610769954,0.0,0.001535990651796075,0.0,0.0,0.0,0.0,0.0,0.12594112121537254,0.0,0.0017250225004371324,0.0,0.0004914401484477484,0.0,0.0073281081763585535,0.0,0.14033936460989346,0.0,0.0069483131563369315,0.0,0.33639756035837337,0.0,0.4111280078642466,0.0,0.1214858061958514,0.0
ani1ccx,055:0,spice,55,e3nn_pair_full,2.0,0.01977621577680111,1021.0,0.04007606767117977,1021.0,0.08309860713779926,1021.0,0.00905236229300499,8168.0,0.23912861943244934,1021.0,0.07653972133994102,72491.0,0.48103812150657177,5105.0,0.1273161731660366,10210.0,0.0801239162683487,10210.0,0.30262055806815624,25525.0,8.293254720047116,10210.0,0.6481803022325039,10210.0,0.0515475869178772,0.0,0.9653746150434017,0.0,60.704579669982195,0.0,2.7744376100599766,0.0,40.2119480073452,0.0,116.5729021653533,0.0,10.825310926884413,0.0,1.4142135623730951,0.0003119314223131201,0.0,0.00018941728630532192,0.0,0.0008011895544346951,0.0,0.00026225928773862284,0.0,0.004334006230992266,0.0,0.002423745276636493,0.0,0.004013125671040281,0.0,0.0006471794579131092,0.0,0.0001623133607218593,0.0,0.007373144412385394,0.0,0.03403320366261437,0.0,0.002088847955938754,0.0,0.000441954891133803,0.0,0.013884563056760143,0.0,0.1816193985016902,0.0,0.004453875094722678,0.0,0.48072251008404837,0.0,0.48383882535683526,0.0,0.029550597902846164,0.0
ani1x,ani1x-release_416625,spice,63,e3nn_baseline,2.0,0.022488972172141075,2008.0,0.04091816954314709,2008.0,0.08276761509478092,2008.0,0.008907588198781013,16064.0,0.288032041862607,2008.0,0.0,0.0,0.4976807627826929,10040.0,0.10777791030704975,10040.0,0.0,0.0,0.0,0.0,62.058664206415415,10040.0,0.5786910653114319,10040.0,0.05620140582323074,0.0,0.947315338999033,0.0,60.34097531810403,0.0,2.783332858234644,0.0,27.11329385638237,0.0,155.77879026532173,0.0,63.588665798306465,0.0,1.4142135623730951,0.00032806019790657906,0.0,0.0017905452202852093,0.0,0.0018821522517093253,0.0,0.00032585719216723393,0.0,0.0054353084514995025,0.0,0.0,0.0,0.003831274954606561,0.0,0.0016058209994912803,0.0,0.0,0.0,0.0,0.0,0.11485962042722021,0.0,0.002319902672794094,0.0,0.0008798137546866676,0.0,0.012983580503159693,0.0,0.08776829430030436,0.0,0.012556390814499274,0.0,0.04391732785299651,0.0,0.16822616354587222,0.0,0.11731751147930801,0.0
ani1x,ani1x-release_416625,spice,63,e3nn_pair_full,2.0,0.019671209156513214,1004.0,0.03991164267063141,1004.0,0.08371761068701744,1004.0,0.009219953790307045,8032.0,0.2941712271422148,1004.0,0.07681683637201786,71284.0,0.4832537844777107,5020.0,0.12628459371626377,10040.0,0.08008060976862907,10040.0,0.2957797609269619,25100.0,8.33713561296463,10040.0,0.6530861370265484,10040.0,0.05231383256614208,0.0,0.9736290201544762,0.0,60.91236546635628,0.0,2.7796794194728136,0.0,39.945552591234446,0.0,116.63584425114095,0.0,10.874703014269471,0.0,1.4142135623730951,0.00026134923534143684,0.0,0.0008768472198039084,0.0,0.0007150243941675386,0.0,0.0002349845436740945,0.0,0.004083477698775541,0.0,0.0010252830188124096,0.0,0.0051622704625335835,0.0,0.001100997847031989,0.0,0.000299928946832019,0.0,0.0019524173164203586,0.0,0.02271310630264771,0.0,0.005938908171225812,0.0,0.0004630638815423509,0.0,0.00643762343623022,0.0,0.18253504307134244,0.0,0.008120604228312971,0.0,0.14311209043011355,0.0,0.30648541271840335,0.0,0.020041030706439724,0.0
iso17,iso17,spice,19,e3nn_baseline,2.0,0.02273842692375183,340.0,0.03898041322827339,340.0,0.08165664039552212,340.0,0.009715976193547249,2720.0,0.28747464530169964,340.0,0.0,0.0,0.4444465506821871,1700.0,0.06944481283426285,1700.0,0.0,0.0,0.0,0.0,61.296635726466775,1700.0,0.2556649502366781,1700.0,0.051980651915073395,0.0,0.9338764008134604,0.0,60.30031121335924,0.0,2.8145859949290752,0.0,27.32301321811974,0.0,154.76702866144478,0.0,62.40492393262684,0.0,1.4142135623730951,0.0010084860095499718,0.0,0.0007273325607966552,0.0,0.001487025992795886,0.0,0.0018125309731348268,0.0,0.005256825352528654,0.0,0.0,0.0,0.0030702820422368036,0.0,0.0020802432927211146,0.0,0.0,0.0,0.0,0.0,0.24942660752258594,0.0,0.004483630717282014,0.0,0.0004910487453837943,0.0,0.007324781362928805,0.0,0.0922916734922364,0.0,0.034023853143647094,0.0,0.042132227370582545,0.0,0.33249724459669217,0.0,0.24738233266885842,0.0
iso17,iso17,spice,19,e3nn_pair_full,2.0,0.019149156287312508,170.0,0.0383768230676651,170.0,0.08423915132880211,170.0,0.008861999958753586,1360.0,0.288236141204834,170.0,0.07461491040885448,12070.0,0.45813373290002346,850.0,0.094212731346488,1700.0,0.07948428392410278,1700.0,0.22703963331878185,4250.0,8.078037481755018,1700.0,0.44492585584521294,1700.0,0.048608751967549324,0.0,0.9471417404711246,0.0,60.384386545047164,0.0,2.782269613817334,0.0,40.016588754951954,0.0,115.51973419263959,0.0,10.261576157063246,0.0,1.4142135623730951,0.0002570299299020437,0.0,0.0005316747859300975,0.0,0.001891305194551577,0.0,0.0001138344233759257,0.0,0.002308480982817546,0.0,0.0016099402554213384,0.0,0.00180324119306098,0.0,0.0003213438966261813,0.0,0.0019773123603527834,0.0,0.0005483956269748748,0.0,0.05584080504914221,0.0,0.009064342556057536,0.0,0.0005073247547494983,0.0,0.01050364842314622,0.0,0.10911928173675176,0.0,0.008376835902127424,0.0,0.06901304041720588,0.0,0.14025289019092868,0.0,0.06568737688209925,0.0
md22_ac_ala3_nhme,md22_Ac-Ala3-NHMe_4756,spice,42,e3nn_baseline,2.0,0.02240925095975399,1142.0,0.0404182355850935,1142.0,0.08773878216743469,1142.0,0.00971299596130848,9136.0,0.2955836709588766,1142.0,0.0,0.0,0.4726497456431389,5710.0,0.08758376352488995,5710.0,0.0,0.0,0.0,0.0,61.549247335642576,5710.0,0.3618888556957245,5710.0,0.054297083988785744,0.0,0.940094469115138,0.0,60.36539408378303,0.0,2.7936085127294064,0.0,27.202296443283558,0.0,155.13213640078902,0.0,62.81553786247969,0.0,1.4142135623730951,0.0003042376202139965,0.0,0.0022417920566512764,0.0,0.010654671171434307,0.0,0.0018853183861593302,0.0,0.009674920608971224,0.0,0.0,0.0,0.006751289673020277,0.0,0.0006510973400388328,0.0,0.0,0.0,0.0,0.0,0.1418881108791865,0.0,0.0034645673301169615,0.0,0.0018004607173424969,0.0,0.008582352048740272,0.0,0.07853866331962689,0.0,0.014692298869270827,0.0,0.04898905049913133,0.0,0.07109740959473951,0.0,0.13056527712012117,0.0
md22_ac_ala3_nhme,md22_Ac-Ala3-NHMe_4756,spice,42,e3nn_pair_full,2.0,0.01950361765921116,571.0,0.03952463157474995,571.0,0.08369688875973225,571.0,0.008900603279471397,4568.0,0.2952500246465206,571.0,0.07701735012233257,40541.0,0.46148207038640976,2855.0,0.10909317061305046,5710.0,0.0801572110503912,5710.0,0.26373504661023617,14275.0,9.56964511424303,5710.0,0.5218767561018467,5710.0,0.05055330693721771,0.0,0.9842501487582922,0.0,60.78433902002871,0.0,2.7796142734587193,0.0,40.08763814345002,0.0,117.68090166151524,0.0,11.895814212039113,0.0,1.4142135623730951,0.00036774391327474865,0.0,0.0004142776520426625,0.0,0.0006023115284952887,0.0,0.000153344559796628,0.0,0.0011595948800748282,0.0,0.002792126159964591,0.0,0.0018109055971134475,0.0,0.0005552658050260338,0.0,0.0015911776100414315,0.0,0.0020613505243769433,0.0,0.021205297263552633,0.0,0.004457173640912972,0.0,0.00045928421814777677,0.0,0.01245655270067781,0.0,0.09093953461843239,0.0,0.006525182942996463,0.0,0.06678152293947459,0.0,0.09624017568703827,0.0,0.027155987664607386,0.0
md22_at_at,md22_AT-AT_12521,spice,60,e3nn_baseline,2.0,0.023655546829104424,1312.0,0.03987518139183521,1312.0,0.08414862677454948,1312.0,0.008959183469414711,10496.0,0.28820978477597237,1312.0,0.0,0.0,0.4747813567519188,6560.0,0.09147599339485168,6560.0,0.0,0.0,0.0,0.0,61.49818925186992,6560.0,0.41206772439181805,6560.0,0.056932494044303894,0.0,0.9474252350628376,0.0,60.324066830798984,0.0,2.7999304234981537,0.0,27.212778013199568,0.0,155.11380056850612,0.0,62.81942534260452,0.0,1.4142135623730951,0.0011728753802246396,0.0,0.00168601394350009,0.0,0.0029375137726591195,0.0,0.00014387175007789588,0.0,0.003893776509968742,0.0,0.0,0.0,0.0022286881602272737,0.0,0.0012131986184036497,0.0,0.0,0.0,0.0,0.0,0.19977332492659924,0.0,0.003146382681580062,0.0,0.0020424576074030624,0.0,0.020593168710892562,0.0,0.17813566196974037,0.0,0.01765361134806704,0.0,0.14139868366168692,0.0,0.40291715423424174,0.0,0.19968727713265044,0.0
md22_at_at,md22_AT-AT_12521,spice,60,e3nn_pair_full,2.0,0.01991875469684601,656.0,0.04000961780548096,656.0,0.0836358405649662,656.0,0.009044818580150604,5248.0,0.30182572081685066,656.0,0.07796618156135082,46576.0,0.4702648613601923,3280.0,0.11266032233834267,6560.0,0.07980992086231709,6560.0,0.27193203568458557,16400.0,8.01279111765325,6560.0,0.5462441127747297,6560.0,0.05180868320167065,0.0,0.9882204234600067,0.0,60.7327576726675,0.0,2.7834948617964983,0.0,39.902602368965745,0.0,115.95955034717917,0.0,10.390304261818528,0.0,1.4142135623730951,0.00015384997922369135,0.0,0.00029965862843675154,0.0,0.0010748282370507856,0.0,0.00016252388810589091,0.0,0.0038720069242237027,0.0,0.0014346786018529917,0.0,0.00862506230935052,0.0,0.0008715482852639332,0.0,0.00040889661691220726,0.0,0.0022241643956392465,0.0,0.056488787969014874,0.0,0.004202790016086822,0.0,0.00042008199029763447,0.0,0.01019367898804606,0.0,0.0873389887454338,0.0,0.009134106942455186,0.0,0.07459185505687825,0.0,0.09643637356130899,0.0,0.05852648522091867,0.0
md22_at_at_cg_cg,md22_AT-AT-CG-CG_3798,spice,118,e3nn_baseline,2.0,0.024114781990647316,3740.0,0.041491398587822914,3740.0,0.08792215958237648,3740.0,0.009330129250884056,29920.0,0.30900295823812485,3740.0,0.0,0.0,0.5708224605768919,18700.0,0.14705490320920944,18700.0,0.0,0.0,0.0,0.0,64.44540158845484,18700.0,0.9447813965380192,18700.0,0.06372174248099327,0.0,1.0040879715234041,0.0,60.46397602185607,0.0,2.7812818996608257,0.0,45.625641802325845,0.0,177.3767454084009,0.0,66.46208632737398,0.0,1.4142135623730951,0.0015060582786634424,0.0,0.0025310297912547624,0.0,0.0038096363260929017,0.0,0.0006296286768335714,0.0,0.016790839335233145,0.0,0.0,0.0,0.0029986387816097063,0.0,0.0005841854941112484,0.0,0.0,0.0,0.0,0.0,0.29084871527736705,0.0,0.003312292979711383,0.0,0.00024788346597004224,0.0,0.06641745592336759,0.0,0.1589698998833715,0.0,0.00737154829940523,0.0,0.10887709341721115,0.0,0.5332173487898019,0.0,0.28584447683670466,0.0
md22_at_at_cg_cg,md22_AT-AT-CG-CG_3798,spice,118,e3nn_pair_full,2.0,0.021237554028630257,1870.0,0.04171417094767094,1870.0,0.08880747482180595,1870.0,0.009603239595890045,14960.0,0.31504062935709953,1870.0,0.08754790760576725,132770.0,0.5194889847189188,9350.0,0.16287919133901596,18700.0,0.08381037041544914,18700.0,0.34077889285981655,46750.0,9.542700601741672,18700.0,1.1438542511314154,18700.0,0.06108037196099758,0.0,1.4169636648148298,0.0,64.49617939069867,0.0,2.9814050532877445,0.0,40.43270880356431,0.0,123.33162524737418,0.0,12.748343171551824,0.0,1.4142135623730951,0.0008380006887754351,0.0,0.0023508646957578734,0.0,0.004441292287078301,0.0,0.00048702651407587757,0.0,0.012391879237599518,0.0,0.00958709668380377,0.0,0.02083531949436465,0.0,0.0049177416042814615,0.0,0.0055963406114071836,0.0,0.020005964888336683,0.0,0.42715310316669136,0.0,0.06374770343049518,0.0,0.007696660900748184,0.0,0.23596280586686208,0.0,4.041162859629954,0.0,0.3929756692207158,0.0,1.252109684170985,0.0,6.506006303861289,0.0,0.6442999280027181,0.0
md22_buckyball_catcher,md22_buckyball-catcher_1114,spice,148,e3nn_baseline,2.0,0.026699528098106384,6872.0,0.04440275952219963,6872.0,0.0924830324947834,6872.0,0.01018238253891468,54976.0,0.3267538733780384,6872.0,0.0,0.0,0.6612416356801987,34360.0,0.22674254141747952,34360.0,0.0,0.0,0.0,0.0,68.51279139518738,34360.0,1.5005317516624928,34360.0,0.07283343002200127,0.0,1.0886631440371275,0.0,60.55296710692346,0.0,2.782187797129154,0.0,89.15632958523929,0.0,225.9428177960217,0.0,71.27042328938842,0.0,1.4142135623730951,0.0015579428340483405,0.0,0.0005305252622109241,0.0,0.002167997192260778,0.0,0.00011197319239526584,0.0,0.009755954198333966,0.0,0.0,0.0,0.005560274962096529,0.0,0.009502132484217276,0.0,0.0,0.0,0.0,0.0,0.23209090570909152,0.0,0.005109627404014796,0.0,0.0006898475076537667,0.0,0.013399124809018165,0.0,0.1412362041455679,0.0,0.010446635233242603,0.0,0.20688896767985898,0.0,0.5734289642383389,0.0,0.22759120006443684,0.0
md22_buckyball_catcher,md22_buckyball-catcher_1114,spice,148,e3nn_pair_full,2.0,0.021426798775792122,3436.0,0.04337220452725887,3436.0,0.09116497822105885,3436.0,0.00962885096669197,27488.0,0.3193724434822798,3436.0,0.08917595259845257,243956.0,0.592504721134901,17180.0,0.220812251791358,34360.0,0.0844735186547041,34360.0,0.43612909503281116,85900.0,13.487658370286226,34360.0,1.7891342751681805,34360.0,0.059818243607878685,0.0,1.5338921453803778,0.0,62.78981124050915,0.0,2.7872382663190365,0.0,77.84598832949996,0.0,163.74781583435833,0.0,17.52822445705533,0.0,1.4142135623730951,0.0006533888250095164,0.0,0.0030426319395219954,0.0,0.0019719141668445585,0.0,0.00040235901609054727,0.0,0.010049010022484093,0.0,0.011372518808055237,0.0,0.040590332970245634,0.0,0.0025370421255526115,0.0,0.0007584999033130044,0.0,0.003559117155563979,0.0,0.06585225275283049,0.0,0.004264775970631332,0.0,0.000448683621932184,0.0,0.19137766484661134,0.0,0.13371523975052146,0.0,0.009125208175277155,0.0,0.32004297271771937,0.0,0.5929986268513797,0.0,0.11731882329454613,0.0
md22_dha,md22_DHA_45597,spice,56,e3nn_baseline,2.0,0.02267402596771717,1406.0,0.039334408938884735,1406.0,0.08948398754000664,1406.0,0.009189639240503311,11248.0,0.2875314559787512,1406.0,0.0,0.0,0.47942022792994976,7030.0,0.09367545135319233,7030.0,0.0,0.0,0.0,0.0,61.926226038485765,7030.0,0.435867952182889,7030.0,0.0547030009329319,0.0,0.9393190033733845,0.0,60.37428951822221,0.0,2.7885363902896643,0.0,27.328343642875552,0.0,155.70897972211242,0.0,63.27361799776554,0.0,1.4142135623730951,0.0006353697410725548,0.0,0.0008229955236456887,0.0,0.011975418725535238,0.0,0.00037111222125468194,0.0,0.0035633480900468637,0.0,0.0,0.0,0.002962961014280819,0.0,0.0008406134273979775,0.0,0.0,0.0,0.0,0.0,0.12877564260969684,0.0,0.0076844234066848725,0.0,0.0005962198558927111,0.0,0.008909505508078612,0.0,0.18241135815998621,0.0,0.009690640571178683,0.0,0.35374320717725566,0.0,0.39754792887901097,0.0,0.13034668251403275,0.0
md22_dha,md22_DHA_45597,spice,56,e3nn_pair_full,2.0,0.019537564367055893,703.0,0.040014227852225304,703.0,0.08565937168896198,703.0,0.009255530312657356,5624.0,0.3007904626429081,703.0,0.0779386144131422,49913.0,0.47854017466306686,3515.0,0.11587250046432018,7030.0,0.08172686211764812,7030.0,0.2751085441559553,17575.0,8.164195762947202,7030.0,0.5623585544526577,7030.0,0.0531340017914772,0.0,0.9813143406063318,0.0,61.04977806098759,0.0,2.7851318474859,0.0,40.455611515790224,0.0,117.02674296684563,0.0,10.590019263327122,0.0,1.4142135623730951,0.00022946408599894917,0.0,0.0008993446702059443,0.0,0.002421824384855815,0.0,0.00023148651615012715,0.0,0.005202919297740304,0.0,0.0009705650808825864,0.0,0.016720720840437332,0.0,0.0032637506031195107,0.0,0.002317796196295524,0.0,0.003516824864798897,0.0,0.08134620114431097,0.0,0.005740561509914961,0.0,0.0010514528691374628,0.0,0.01509948483246625,0.0,0.3866965841392753,0.0,0.012834349508613145,0.0,0.3232697778335951,0.0,0.8244620291764303,0.0,0.11046973855831915,0.0
md22_double_walled_nanotube,md22_double-walled_nanotube_1987,spice,370,e3nn_baseline,2.0,0.02520172856748104,24024.0,0.04458879120647907,24024.0,0.09090155363082886,24024.0,0.009325752034783363,192192.0,0.31293835490942,24024.0,0.0,0.0,1.3601889368146658,120120.0,0.5983798298984766,120120.0,0.0,0.0,0.0,0.0,96.44208601675928,120120.0,4.489586642012,120120.0,0.12883497402071953,0.0,0.9957148227840662,0.0,61.14904689602554,0.0,2.791594248265028,0.0,317.63035310432315,0.0,486.94723076187074,0.0,103.31397135742009,0.0,1.4142135623730951,0.0003061506273382851,0.0,0.0022755490314376237,0.0,0.001233023558066385,0.0,0.00019327027004948372,0.0,0.012102910008394165,0.0,0.0,0.0,0.008304927990110787,0.0,0.003381968328112348,0.0,0.0,0.0,0.0,0.0,0.08696425465979311,0.0,0.0028219371363982842,0.0,0.022872056716069265,0.0,0.007495596847001759,0.0,0.08146640158297216,0.0,0.004223070656483953,0.0,0.0706435978636736,0.0,0.15378002521011425,0.0,0.08746124970327175,0.0
md22_double_walled_nanotube,md22_double-walled_nanotube_1987,spice,370,e3nn_pair_full,2.0,0.0213713850826025,12012.0,0.04465407691895962,12012.0,0.09223953820765018,12012.0,0.009451014921069145,96096.0,0.3150617703795433,12012.0,0.08400650694966316,852852.0,0.8735692594200373,60060.0,0.5476751830428839,120120.0,0.1766655594110489,120120.0,1.1453099083155394,300300.0,38.74728949740529,120120.0,5.147218378260732,120120.0,0.07999981753528118,0.0,1.0343661531805992,0.0,61.31144114769995,0.0,2.7921986766159534,0.0,311.61450278013945,0.0,425.63686817884445,0.0,47.66270760446787,0.0,1.4142135623730951,0.000750826671352195,0.0,0.001813461529099022,0.0,0.0040798737550034455,0.0,0.0003958951211286507,0.0,0.008617796785803948,0.0,0.0042740220252605,0.0,0.006132855189278724,0.0,0.0027548819877914106,0.0,0.021286210122552583,0.0,0.010439152169758903,0.0,0.04733712726233977,0.0,0.017061236393636412,0.0,0.004866826441908176,0.0,0.05179827219174031,0.0,0.13471349451869719,0.0,0.010602212276679316,0.0,0.050867081046520025,0.0,0.22763303448600125,0.0,0.0631336191311547,0.0
md22_stachyose,md22_stachyose_10546,spice,87,e3nn_baseline,2.0,0.02302839420735836,3532.0,0.038642389699816704,3532.0,0.08187321946024895,3532.0,0.009005563333630562,28256.0,0.29785498045384884,3532.0,0.0,0.0,0.5609497427940369,17660.0,0.14171930961310863,17660.0,0.0,0.0,0.0,0.0,64.01710887439549,17660.0,0.8980737067759037,17660.0,0.06154407747089863,0.0,0.9576726704835892,0.0,60.45576683245599,0.0,2.784626744687557,0.0,42.88209122605622,0.0,174.0643068216741,0.0,65.96817718818784,0.0,1.4142135623730951,0.0005176371886434846,0.0,0.0007962398901311236,0.0,0.0007647189330655949,0.0,0.00018022256536019059,0.0,0.006806692227217282,0.0,0.0,0.0,0.0043775755501924965,0.0,0.0011351126863714128,0.0,0.0,0.0,0.0,0.0,0.202144811126111,0.0,0.005128839991512148,0.0,0.000985526976420472,0.0,0.007838680475841341,0.0,0.04500140620883224,0.0,0.008936825430589901,0.0,0.09240320198447165,0.0,0.15603993827973392,0.0,0.19368514922080815,0.0
md22_stachyose,md22_stachyose_10546,spice,87,e3nn_pair_full,2.0,0.021036574617028236,1766.0,0.043182866647839546,1766.0,0.08945818990468979,1766.0,0.009966734796762466,14128.0,0.3233690280467272,1766.0,0.08566882461309433,125386.0,0.5109673831611872,8830.0,0.15605846419930458,17660.0,0.081954849883914,17660.0,0.32821232452988625,44150.0,9.121565939858556,17660.0,1.033020531758666,17660.0,0.05485466681420803,0.0,1.3111225795000792,0.0,62.01716507785022,0.0,2.7806459926068783,0.0,39.72564414143562,0.0,119.19694882817566,0.0,12.129058223217726,0.0,1.4142135623730951,0.0010021020689468516,0.0,0.0021686704811535716,0.0,0.003060336810405851,0.0,0.0004769731173731689,0.0,0.009031869343261436,0.0,0.005628772138723577,0.0,0.012645969575209024,0.0,0.00039661577664065967,0.0,0.0017026489423289004,0.0,0.0028367200049918377,0.0,0.04971063192124952,0.0,0.005061311575768821,0.0,0.0005269965753476924,0.0,0.1259947278483941,0.0,0.20454876140438238,0.0,0.010084596867131684,0.0,0.05437743204075131,0.0,0.27772484344503484,0.0,0.0629722191739027,0.0
mptrj,mp-1204603,mpa,444,e3nn_baseline,2.0,0.02715406008064747,27612.0,0.04314878024160862,27612.0,0.08728401735424995,27612.0,0.009522167965769768,220896.0,0.3026326186954975,27612.0,0.0,0.0,1.5113402158021927,138060.0,0.690226349979639,138060.0,0.0,0.0,0.0,0.0,102.24229712039232,138060.0,5.128296697512269,138060.0,0.12266491539776325,0.0,0.9721018839627504,0.0,61.31185768172145,0.0,2.7935465797781944,0.0,366.58128974959254,0.0,542.6995732355863,0.0,109.98854907229543,0.0,1.4142135623730951,0.0005314521379912935,0.0,0.000766078129140181,0.0,0.0018840671049215694,0.0,0.0004572576322102472,0.0,0.0052637499957012305,0.0,0.0,0.0,0.006251515288871576,0.0,0.003970897803374357,0.0,0.0,0.0,0.0,0.0,0.10329861329011476,0.0,0.001534374685017885,0.0,0.00041884658730242887,0.0,0.009095960158929956,0.0,0.08195001414607907,0.0,0.013059083254692705,0.0,0.04157333557593052,0.0,0.16483746652734088,0.0,0.1100560012810475,0.0
mptrj,mp-1204603,mpa,444,e3nn_pair_full,2.0,0.02177925780415535,13806.0,0.04613138735294342,13806.0,0.09151827543973923,13806.0,0.009374134242534637,110448.0,0.31748926267027855,13806.0,0.08544852025806904,980226.0,0.9303285740315914,69030.0,0.6259896326810122,138060.0,0.19756071269512177,138060.0,1.2837013229727745,345150.0,44.300866313278675,138060.0,5.957812862470746,138060.0,0.08402946405112743,0.0,1.0171803180128336,0.0,61.44643337465823,0.0,2.7916520833969116,0.0,359.6283006016165,0.0,480.43637946248055,0.0,54.3271467089653,0.0,1.4142135623730951,0.0018754166216561124,0.0,0.004812066317101412,0.0,0.006704361594884038,0.0,0.0005365606425826915,0.0,0.028032298157266183,0.0,0.004225678284721556,0.0,0.006181156164517974,0.0,0.001867982618256602,0.0,0.022515434818510434,0.0,0.005895116046588667,0.0,0.016666996236316553,0.0,0.01147778496542635,0.0,0.0008133331730830622,0.0,0.049928432612607584,0.0,0.16565192379458452,0.0,0.012562742503184603,0.0,0.21397874220893992,0.0,0.44327506492370733,0.0,0.055717619804192105,0.0
oc20_s2ef_train_20m,OC20_S2EF_train_20M__file_0444__config_1055,oc20,225,e3nn_baseline,2.0,0.027504144236445427,8260.0,0.04524909891188145,8260.0,0.08989577181637287,8260.0,0.00978759489953518,66080.0,0.3132414072751999,8260.0,0.0,0.0,0.7084266748279333,41300.0,0.255054933950305,41300.0,0.0,0.0,0.0,0.0,70.55627149529755,41300.0,1.773818302899599,41300.0,0.0827630516141653,0.0,1.0340419597923756,0.0,60.52181790582836,0.0,2.7916042134165764,0.0,107.6179189607501,0.0,246.69722043909132,0.0,73.66297165863216,0.0,1.4142135623730951,0.002831553955590157,0.0,0.0028291556639321036,0.0,0.005151893305521109,0.0,0.0005830126478125174,0.0,0.019181370903821632,0.0,0.0,0.0,0.003978089794484858,0.0,0.002664189472347545,0.0,0.0,0.0,0.0,0.0,0.18545069470686543,0.0,0.0040135381486990866,0.0,0.000905651546927,0.0,0.06767576889055427,0.0,0.08731086418808313,0.0,0.012891206049419427,0.0,0.057205165818600336,0.0,0.22361301386255636,0.0,0.18593288127873134,0.0
oc20_s2ef_train_20m,OC20_S2EF_train_20M__file_0444__config_1055,oc20,225,e3nn_pair_full,2.0,0.021796440705657005,4130.0,0.045146746560931206,4130.0,0.09131575934588909,4130.0,0.009771250188350677,33040.0,0.315912626683712,4130.0,0.09815553203225136,293230.0,0.5887228064239025,20650.0,0.2469188068062067,41300.0,0.08620130829513073,41300.0,0.503295287489891,103250.0,15.20010493695736,41300.0,2.1156062837690115,41300.0,0.06551304832100868,0.0,1.719579566270113,0.0,61.93841719068587,0.0,2.7815481182187796,0.0,96.80753662250936,0.0,184.2202039435506,0.0,19.695346103981137,0.0,1.4142135623730951,0.0004433304802149899,0.0,0.002695873829723168,0.0,0.0013047657546246313,0.0,0.00026042664427621475,0.0,0.011132366412965512,0.0,0.02776831529010571,0.0,0.00342863810767694,0.0,0.004052396706062623,0.0,0.0005068471323867119,0.0,0.005508506683049503,0.0,0.08996217775403625,0.0,0.003750295281847755,0.0,0.0005184449222207107,0.0,0.6053587987486293,0.0,0.9124976346380813,0.0,0.00906746424296661,0.0,0.21512938400421347,0.0,1.72169740322596,0.0,0.10191039173952804,0.0
oc20_s2ef_train_2m,frame27,oc20,225,e3nn_baseline,2.0,0.02790624275803566,10738.0,0.043866829946637154,10738.0,0.08893604390323162,10738.0,0.009766640141606331,85904.0,0.3134021535515785,10738.0,0.0,0.0,0.8063603192567825,53690.0,0.3079816233366728,53690.0,0.0,0.0,0.0,0.0,74.63384210132062,53690.0,2.2026628721505404,53690.0,0.0841622706502676,0.0,1.039510453119874,0.0,60.555141512304544,0.0,2.791251242160797,0.0,140.4989083763212,0.0,284.2707426287234,0.0,78.32155567593873,0.0,1.4142135623730951,0.0009957890636287832,0.0,0.002317341580329592,0.0,0.004893659502919864,0.0,0.0004643598919526691,0.0,0.015015384089438906,0.0,0.0,0.0,0.0049547703784577945,0.0,0.002226990533425363,0.0,0.0,0.0,0.0,0.0,0.3067145924465383,0.0,0.003633707490973098,0.0,0.0005975526760011061,0.0,0.06755025697285803,0.0,0.11275035400921972,0.0,0.008938558689008665,0.0,0.0909959535999313,0.0,0.4523954559475956,0.0,0.31018500962948936,0.0
oc20_s2ef_train_2m,frame27,oc20,225,e3nn_pair_full,2.0,0.02459459938108921,5369.0,0.046498747542500496,5369.0,0.0935475341975689,5369.0,0.009990949183702469,42952.0,0.32639135606586933,5369.0,0.08793314918875694,381199.0,0.63432059250772,26845.0,0.2979460172355175,53690.0,0.08980827406048775,53690.0,0.6108881905674934,134225.0,20.004070550203323,53690.0,2.5620742235332727,53690.0,0.06605773232877254,0.0,1.2612231075763702,0.0,61.590092116966844,0.0,2.8129818849265575,0.0,133.7220951449126,0.0,225.84762596525252,0.0,25.19637830555439,0.0,1.4142135623730951,0.0022826203377189253,0.0,0.0032790416963168452,0.0,0.0025731566240304407,0.0,0.00022054725379128473,0.0,0.004861990802250927,0.0,0.002369957500865261,0.0,0.015325690540068174,0.0,0.0030746420250387183,0.0,0.0013250725367775567,0.0,0.0039588799366873486,0.0,2.614446116863863,0.0,0.004137554960394253,0.0,0.0003373968258347143,0.0,0.3201931372513341,0.0,0.8855664743633422,0.0,0.03784085249722679,0.0,0.18261386463320656,0.0,2.6630401239212658,0.0,2.624051229567925,0.0
oc20_s2ef_val_id,OC20_S2EF_val_id__file_0049__config_3636,oc20,225,e3nn_baseline,2.0,0.026734406128525734,15230.0,0.04353155381977558,15230.0,0.08806297555565834,15230.0,0.00962279736995697,121840.0,0.3076608758419752,15230.0,0.0,0.0,0.9758570231497288,76150.0,0.40609617717564106,76150.0,0.0,0.0,0.0,0.0,81.66729430668056,76150.0,2.9620404820889235,76150.0,0.0856698490679264,0.0,1.0080908425152302,0.0,60.70733489468694,0.0,2.797596761956811,0.0,199.59577922709286,0.0,351.5570541843772,0.0,86.38720875605941,0.0,1.4142135623730951,0.0011683838088549685,0.0,0.0015591500156413856,0.0,0.0039605974651369886,0.0,0.0003944093816296409,0.0,0.010299563334792929,0.0,0.0,0.0,0.004503019719270251,0.0,0.00204021978388105,0.0,0.0,0.0,0.0,0.0,0.1554713830662107,0.0,0.0049453666462447605,0.0,0.0004134162675887008,0.0,0.045029247295096546,0.0,0.07763031422491785,0.0,0.013754952430449984,0.0,0.07390321206449199,0.0,0.30225649750354344,0.0,0.1585590986335461,0.0
oc20_s2ef_val_id,OC20_S2EF_val_id__file_0049__config_3636,oc20,225,e3nn_pair_full,2.0,0.02227877266705036,7615.0,0.044202571734786034,7615.0,0.09081633761525154,7615.0,0.009602773934602737,60920.0,0.3126228228211403,7615.0,0.08441214449703693,540665.0,0.7128480821847916,38075.0,0.37748226895928383,76150.0,0.0934399664402008,76150.0,0.7915517315268517,190375.0,24.990701861679554,76150.0,3.303723270073533,76150.0,0.06823856383562088,0.0,1.0233432985842228,0.0,60.88497508317232,0.0,2.788419835269451,0.0,193.23254143819213,0.0,290.4074746184051,0.0,31.264284998178482,0.0,1.4142135623730951,0.0013594614754167062,0.0,0.0017014481175548336,0.0,0.003320472870182221,0.0,0.00045027126784417433,0.0,0.01444581670363038,0.0,0.005403300558859807,0.0,0.00336939649889376,0.0,0.0017067277404507145,0.0,0.0006378463470443208,0.0,0.0030596356487451776,0.0,0.020750628617851513,0.0,0.0057570501434945414,0.0,0.0025290832855997003,0.0,0.051351853799757596,0.0,0.1063768378832622,0.0,0.011012061441351403,0.0,0.07654296272556975,0.0,0.18372516922352614,0.0,0.02454730126114767,0.0
oc20_s2ef_val_ood_ads,OC20_S2EF_val_ood_ads__file_0071__config_1575,oc20,225,e3nn_baseline,2.0,0.028854748234152794,6686.0,0.04567839205265045,6686.0,0.09162938222289085,6686.0,0.010219961404800415,53488.0,0.3235736396163702,6686.0,0.0,0.0,0.6538517773151398,33430.0,0.22057299502193928,33430.0,0.0,0.0,0.0,0.0,68.28815694898367,33430.0,1.5091878361999989,33430.0,0.08454876951873302,0.0,1.0838360525667667,0.0,60.598628083243966,0.0,2.7788061182945967,0.0,87.03797860071063,0.0,223.64541911520064,0.0,71.04585664346814,0.0,1.4142135623730951,0.00222646094425344,0.0,0.0006443013221316561,0.0,0.0005444682826950567,0.0,0.00024370073717995793,0.0,0.002308991851085877,0.0,0.0,0.0,0.0036794881727828166,0.0,0.0013031911660784103,0.0,0.0,0.0,0.0,0.0,0.2749365171384471,0.0,0.0027200958872732324,0.0,0.0014532475853661073,0.0,0.014127224795623998,0.0,0.12359057030739182,0.0,0.00696647169746562,0.0,0.1678477838112503,0.0,0.515842615514522,0.0,0.2711800196209209,0.0
oc20_s2ef_val_ood_ads,OC20_S2EF_val_ood_ads__file_0071__config_1575,oc20,225,e3nn_pair_full,2.0,0.02217167057096958,3343.0,0.044789817184209824,3343.0,0.09222915396094322,3343.0,0.010100239887833595,26744.0,0.3196790348738432,3343.0,0.08662859909236431,237353.0,0.5638190545141697,16715.0,0.2211681567132473,33430.0,0.08809608407318592,33430.0,0.4462712910026312,83575.0,13.41932131908834,33430.0,1.8521918915212154,33430.0,0.0697968527674675,0.0,1.6131488606333733,0.0,63.29496204853058,0.0,2.784743718802929,0.0,75.736217899248,0.0,162.2375573962927,0.0,17.552054161205888,0.0,1.4142135623730951,0.000246932659539806,0.0,0.00028583158459576194,0.0,0.0007629999008641485,0.0,0.00031467350136475485,0.0,0.004219888161507969,0.0,0.0009774721804022054,0.0,0.003562833297911455,0.0,0.00866549958739897,0.0,0.007642346503376295,0.0,0.021178890426214462,0.0,0.22860497740828664,0.0,0.04458007738474725,0.0,0.0076088881011025,0.0,0.25632364426091053,0.0,0.8911476907434048,0.0,0.01545233122178302,0.0,0.2262866428337978,0.0,1.3258218328846558,0.0,0.39818954075359597,0.0
oc20_s2ef_val_ood_both,OC20_S2EF_val_ood_both__file_0113__config_496,oc20,223,e3nn_baseline,2.0,0.02665659412741661,11486.0,0.04454604350030422,11486.0,0.0927142333239317,11486.0,0.009534927085042,91888.0,0.3202349878847599,11486.0,0.0,0.0,0.9012026712298393,57430.0,0.3408289048820734,57430.0,0.0,0.0,0.0,0.0,81.28505484201014,57430.0,2.4131418205797672,57430.0,0.10466622188687325,0.0,1.020452007651329,0.0,65.6522836536169,0.0,3.0210833996534348,0.0,151.31994015537202,0.0,307.5424882117659,0.0,85.38654912263155,0.0,1.4142135623730951,0.0038724221932061598,0.0,0.004439054082949917,0.0,0.009881793965478556,0.0,0.0007518297162610385,0.0,0.03169754723862827,0.0,0.0,0.0,0.10146832668570369,0.0,0.020551712999180887,0.0,0.0,0.0,0.0,0.0,8.532343044317738,0.0,0.12100954953283548,0.0,0.022640407352301873,0.0,0.08780740489910707,0.0,9.384746212465645,0.0,0.4487656083558089,0.0,1.4496090158433355,0.0,20.3972982559373,0.0,8.876189141500038,0.0
oc20_s2ef_val_ood_both,OC20_S2EF_val_ood_both__file_0113__config_496,oc20,223,e3nn_pair_full,2.0,0.021647242829203606,5743.0,0.04343800246715546,5743.0,0.0912827905267477,5743.0,0.009677652269601822,45944.0,0.30783205293118954,5743.0,0.08431435562670231,407753.0,0.6368282716721296,28715.0,0.30672550201416016,57430.0,0.08968343026936054,57430.0,0.6431619171053171,143575.0,19.564369646832347,57430.0,2.6646480429917574,57430.0,0.06559225730597973,0.0,1.0218059178441763,0.0,60.9674131963402,0.0,2.7853211387991905,0.0,143.74474035575986,0.0,234.6219121478498,0.0,24.89501303061843,0.0,1.4142135623730951,0.00058814483180283,0.0,0.0023980238456780332,0.0,0.004709731330229442,0.0,0.0004793816926669753,0.0,0.0125020921484595,0.0,0.004033356373854116,0.0,0.009017981229157968,0.0,0.004215935645383609,0.0,0.0004980738379872114,0.0,0.006687301716950281,0.0,0.09402353871395838,0.0,0.01731069579173147,0.0,0.0012617955480011438,0.0,0.056411569261210916,0.0,0.14159144388953376,0.0,0.012154602349894982,0.0,0.038570932815594774,0.0,0.25220095353902566,0.0,0.1254021028206737,0.0
oc20_s2ef_val_ood_cat,OC20_S2EF_val_ood_cat__file_0023__config_854,oc20,225,e3nn_baseline,2.0,0.0275319442152977,10270.0,0.04387618973851204,10270.0,0.09082839824259281,10270.0,0.010008132085204124,82160.0,0.32500256784260273,10270.0,0.0,0.0,0.7942972704768181,51350.0,0.29956731013953686,51350.0,0.0,0.0,0.0,0.0,73.72180661186576,51350.0,2.118656039237976,51350.0,0.0841415487229824,0.0,1.0578639805316925,0.0,60.59344415552914,0.0,2.787056053057313,0.0,134.3827186152339,0.0,277.20804437994957,0.0,77.30320673435926,0.0,1.4142135623730951,0.0010901307510684367,0.0,0.002131568962232532,0.0,0.00147884171737812,0.0,0.00031343621469244004,0.0,0.026028101603968026,0.0,0.0,0.0,0.010736637889379343,0.0,0.0020397714653211728,0.0,0.0,0.0,0.0,0.0,0.141083895554663,0.0,0.0032582558879368268,0.0,0.0009693203544599063,0.0,0.04763819798179016,0.0,0.16887265404638538,0.0,0.006700313823752741,0.0,0.03564706645005989,0.0,0.35147921805108473,0.0,0.14256857074145457,0.0
oc20_s2ef_val_ood_cat,OC20_S2EF_val_ood_cat__file_0023__config_854,oc20,225,e3nn_pair_full,2.0,0.02178098075091839,5135.0,0.04447116516530514,5135.0,0.09123999625444412,5135.0,0.00992179848253727,41080.0,0.31992336735129356,5135.0,0.08555436506867409,364585.0,0.6247504614293575,25675.0,0.27870885096490383,51350.0,0.08681993931531906,51350.0,0.5839650519192219,128375.0,17.833280889317393,51350.0,2.453878056257963,51350.0,0.06473073735833168,0.0,1.0656520258635283,0.0,60.83531123585999,0.0,2.7806765865534544,0.0,126.77280702628195,0.0,215.51435622386634,0.0,22.827089484781027,0.0,1.4142135623730951,0.00035603073421168273,0.0,0.0008008789932057853,0.0,0.0007353704472227288,0.0,0.00025820804589972554,0.0,0.002100716252498518,0.0,0.0005267958534935157,0.0,0.004614944050839162,0.0,0.0005358582690893575,0.0,0.0002524807770239963,0.0,0.0017498329820580616,0.0,0.034482716633635675,0.0,0.003565491769993648,0.0,0.0005042521052369516,0.0,0.0029888569848116136,0.0,0.07146595505829524,0.0,0.0035160178741368655,0.0,0.07517961430030591,0.0,0.11407442238381517,0.0,0.027285135664948716,0.0
oc22_s2ef_train,s2ef_train_0,oc22,228,e3nn_baseline,2.0,0.027200765907764435,14238.0,0.04415321163833141,14238.0,0.09229839779436588,14238.0,0.010688230395317078,113904.0,0.30959281139075756,14238.0,0.0,0.0,0.9574889671057463,71190.0,0.3858469892293215,71190.0,0.0,0.0,0.0,0.0,79.8431983217597,71190.0,2.808481128886342,71190.0,0.09854091331362724,0.0,1.0243561584502459,0.0,60.841780016198754,0.0,2.790739806368947,0.0,186.6600761655718,0.0,336.7757510393858,0.0,84.39018283970654,0.0,1.4142135623730951,0.001046022875820969,0.0,0.001975690281986425,0.0,0.0027421568166432547,0.0,0.0019291674345959643,0.0,0.006997685795228669,0.0,0.0,0.0,0.004646374460299727,0.0,0.0018001432559735524,0.0,0.0,0.0,0.0,0.0,0.1963843502093992,0.0,0.018207378390462804,0.0,0.027012212110340515,0.0,0.05097065373421431,0.0,0.21674560981608507,0.0,0.011135790362226247,0.0,0.04638593771527399,0.0,0.4612005376390664,0.0,0.2365989962901225,0.0
oc22_s2ef_train,s2ef_train_0,oc22,228,e3nn_pair_full,2.0,0.021691247820854187,7119.0,0.04467661492526531,7119.0,0.09139752946794033,7119.0,0.009776372462511063,56952.0,0.31386842019855976,7119.0,0.08655935525894165,505449.0,0.6840028800070286,35595.0,0.3590620122849941,71190.0,0.09260843507945538,71190.0,0.752693647518754,177975.0,23.5517889726907,71190.0,3.1862426083534956,71190.0,0.06612502038478851,0.0,1.0552206542342901,0.0,60.91826339252293,0.0,2.7935173828154802,0.0,180.29296826571226,0.0,275.91883335262537,0.0,29.63183782994747,0.0,1.4142135623730951,0.0008601336693156071,0.0,0.0015633536942406688,0.0,0.003134386265640196,0.0,0.00040604463769234597,0.0,0.007598901354674347,0.0,0.002899700948350366,0.0,0.010931231483878806,0.0,0.0021436382342432192,0.0,0.0005310540927175631,0.0,0.0032111817437962256,0.0,0.022655682594388563,0.0,0.0035309648213792577,0.0,0.00012839957928498987,0.0,0.04436199660207124,0.0,0.11398044495747926,0.0,0.006086415033899683,0.0,0.12795743063380965,0.0,0.2257556576232327,0.0,0.023763928611531093,0.0
oc22_s2ef_val_id,s2ef_val_id_0,oc22,200,e3nn_baseline,2.0,0.026637734845280647,11704.0,0.043111806735396385,11704.0,0.08694343268871307,11704.0,0.009435554966330528,93632.0,0.3076543100178242,11704.0,0.0,0.0,0.847274623811245,58520.0,0.3261012490838766,58520.0,0.0,0.0,0.0,0.0,75.90579334646463,58520.0,2.3635702673345804,58520.0,0.08152155205607414,0.0,0.9782912209630013,0.0,60.7182027772069,0.0,2.7849113568663597,0.0,153.2816826365888,0.0,298.6316635739058,0.0,79.81864474713802,0.0,1.4142135623730951,0.001029496580121352,0.0,0.0014047318521769742,0.0,0.003218063501536421,0.0,0.0005612869840201568,0.0,0.00811518308900785,0.0,0.0,0.0,0.009296906404798123,0.0,0.0020159591037314894,0.0,0.0,0.0,0.0,0.0,0.2617451317608913,0.0,0.010422320164174445,0.0,0.00031123281642968665,0.0,0.05242834775536688,0.0,0.11665333766622984,0.0,0.009546667085507015,0.0,0.01637019128942363,0.0,0.31508102110778063,0.0,0.2539089387524551,0.0
oc22_s2ef_val_id,s2ef_val_id_0,oc22,200,e3nn_pair_full,2.0,0.02296878956258297,5852.0,0.046975212171673775,5852.0,0.09345379658043385,5852.0,0.009940564632415771,46816.0,0.32194415107369423,5852.0,0.08710799738764763,415492.0,0.6270058453083038,29260.0,0.31059267930686474,58520.0,0.08924207650125027,58520.0,0.6455005146563053,146300.0,19.889449421316385,58520.0,2.709033712744713,58520.0,0.06371871568262577,0.0,1.063220202922821,0.0,60.96742334775627,0.0,2.776010427623987,0.0,146.59317145124078,0.0,237.89385156705976,0.0,25.254305312409997,0.0,1.4142135623730951,0.0020482023475600878,0.0,0.0018383063694317272,0.0,0.0014679648553154116,0.0,0.0002895142691249157,0.0,0.004725395725134591,0.0,0.0014056698624005722,0.0,0.0017358998366281725,0.0,0.005329692896096712,0.0,0.0007087661316791344,0.0,0.004341647347181556,0.0,0.1022578071651148,0.0,0.004131798903220674,0.0,0.0005974809482923491,0.0,0.0031913559912074407,0.0,0.1124256335846179,0.0,0.005020038073520341,0.0,0.09826235551506626,0.0,0.11961570631005865,0.0,0.11850381414859179,0.0
oc22_s2ef_val_ood,is2re_val_ood_43,oc22,216,e3nn_baseline,2.0,0.027601933106780052,18264.0,0.04457077011466026,18264.0,0.09081028401851654,18264.0,0.009485846385359764,146112.0,0.31712688505649567,18264.0,0.0,0.0,1.1328039225190878,91320.0,0.46738055534660816,91320.0,0.0,0.0,0.0,0.0,86.92977298051119,91320.0,3.45127759501338,91320.0,0.08320962078869343,0.0,1.0150764603167772,0.0,60.7552710454911,0.0,2.801075205206871,0.0,239.82702791690826,0.0,397.8195284027606,0.0,92.35234363004565,0.0,1.4142135623730951,0.0020869338143252422,0.0,0.002978394805912555,0.0,0.0069730343705533245,0.0,0.0005389467178292246,0.0,0.024034892077184032,0.0,0.0,0.0,0.0032398424352562015,0.0,0.002315721546470551,0.0,0.0,0.0,0.0,0.0,0.17674468732917026,0.0,0.004078720518485432,0.0,0.0006534732308031791,0.0,0.07233282244592794,0.0,0.110484563422377,0.0,0.023077048938909977,0.0,0.04081954387632687,0.0,0.3430425765606751,0.0,0.1765354458424789,0.0
oc22_s2ef_val_ood,is2re_val_ood_43,oc22,216,e3nn_pair_full,2.0,0.02213604748249054,9132.0,0.04520523361861706,9132.0,0.09230803698301315,9132.0,0.009818235412240028,73056.0,0.3153569996356964,9132.0,0.08646207861602306,648372.0,0.7775284815579653,45660.0,0.4388016648590565,91320.0,0.10048220865428448,91320.0,0.9169638622552156,228300.0,29.946965631097555,91320.0,3.922827308997512,91320.0,0.06579882465302944,0.0,1.0687094647437334,0.0,60.90417322702706,0.0,2.79995771124959,0.0,234.1698665637523,0.0,337.2689527925104,0.0,37.09455635398626,0.0,1.4142135623730951,0.000753089305660523,0.0,0.0016910912316028194,0.0,0.0030700388525071254,0.0,0.0002424100008135215,0.0,0.008564910551205939,0.0,0.002531432232986989,0.0,0.00744008162468011,0.0,0.0021262177567076095,0.0,0.005560744051050245,0.0,0.002367287931061352,0.0,0.02136445413892743,0.0,0.017510033358730113,0.0,0.00030339976692630646,0.0,0.05429790319770706,0.0,0.06190262991361322,0.0,0.024583106345510728,0.0,0.11963298786692814,0.0,0.11462770758607228,0.0,0.03123686887781466,0.0
omat24_1m_official,train:106751,omat24,160,e3nn_baseline,2.0,0.02777096815407276,15224.0,0.04785694181919098,15224.0,0.09136125445365906,15224.0,0.010021217167377472,121792.0,0.31858617439866066,15224.0,0.0,0.0,1.0033912025392056,76120.0,0.40508206002414227,76120.0,0.0,0.0,0.0,0.0,81.76353061571717,76120.0,2.961665578186512,76120.0,0.07611173205077648,0.0,1.03510282933712,0.0,60.91304160654545,0.0,2.7928341645747423,0.0,199.31946150027215,0.0,351.65442978031933,0.0,86.50904982350767,0.0,1.4142135623730951,0.0014466951302020083,0.0,0.004244104343172279,0.0,0.002675096838552537,0.0,0.00028914781588182663,0.0,0.009364484307717904,0.0,0.0,0.0,0.05981315341519288,0.0,0.002871519561330729,0.0,0.0,0.0,0.0,0.0,0.41515382721320987,0.0,0.04923332327812698,0.0,0.0006073096524284469,0.0,0.03637986367021098,0.0,0.37835572032796616,0.0,0.013700713537297354,0.0,0.09760620076778594,0.0,0.8626756071450583,0.0,0.5294664955525487,0.0
omat24_1m_official,train:106751,omat24,160,e3nn_pair_full,2.0,0.02211076207458973,7612.0,0.046672672033309937,7612.0,0.09254417382180691,7612.0,0.009848317131400108,60896.0,0.31542633660137653,7612.0,0.08534742519259453,540452.0,0.7134366314858198,38060.0,0.37856195122003555,76120.0,0.09354529902338982,76120.0,0.7928192149847746,190300.0,25.007798336446285,76120.0,3.234948357567191,76120.0,0.06161578930914402,0.0,1.0463260114192963,0.0,60.98065534606576,0.0,2.7792525943368673,0.0,192.8085010498762,0.0,290.06111482158303,0.0,31.215441320091486,0.0,1.4142135623730951,0.0006771515885815853,0.0,0.0012190778121358781,0.0,0.0040954261395712305,0.0,0.00043568319706848606,0.0,0.006573979441012221,0.0,0.002733679936349593,0.0,0.010372561835264079,0.0,0.003264501752130636,0.0,0.0007828783509103435,0.0,0.0041006897666745114,0.0,0.0641839863188781,0.0,0.005337852637454524,0.0,0.0006765976524623482,0.0,0.03892289134763255,0.0,0.12545797503608772,0.0,0.004538228422936867,0.0,0.09404205688367281,0.0,0.11757137864984556,0.0,0.06784201526993154,0.0
omol25_train_4m,OMol25_train_4M_data0016_18415,omol25_low,350,e3nn_baseline,2.0,0.02538822591304779,19152.0,0.04272325895726681,19152.0,0.09009996429085732,19152.0,0.009351782500743866,153216.0,0.30814833007752895,19152.0,0.0,0.0,1.1794184800237417,95760.0,0.4883040674030781,95760.0,0.0,0.0,0.0,0.0,88.1591153331101,95760.0,3.684540605172515,95760.0,0.10633207857608795,0.0,0.9951720479875803,0.0,61.01328358054161,0.0,2.7901571709662676,0.0,252.09154929034412,0.0,411.84659162536263,0.0,93.90592267736793,0.0,1.4142135623730951,0.0003141177434557422,0.0,0.000596838437074147,0.0,0.0014010060850884814,0.0,0.0002752639868565078,0.0,0.0025423003858764765,0.0,0.0,0.0,0.002681903970809168,0.0,0.0022127784626274835,0.0,0.0,0.0,0.0,0.0,0.025567582127179935,0.0,0.006712800423619868,0.0,0.0004707007714950416,0.0,0.010483939888231557,0.0,0.14170550561484577,0.0,0.012569028119369939,0.0,0.032287413781372565,0.0,0.11818104225701372,0.0,0.03218078073876866,0.0
omol25_train_4m,OMol25_train_4M_data0016_18415,omol25_low,350,e3nn_pair_full,2.0,0.022803200408816338,9576.0,0.04846761003136635,9576.0,0.10260320268571377,9576.0,0.010485993698239326,76608.0,0.34053041599690914,9576.0,0.09123175404965878,679896.0,0.7879454176872969,47880.0,0.4537214059382677,95760.0,0.0973088201135397,95760.0,0.955062173306942,239400.0,31.32782350294292,95760.0,4.3000138364732265,95760.0,0.07682745344936848,0.0,1.1418178211897612,0.0,61.576300812885165,0.0,2.7836177963763475,0.0,246.5400679036975,0.0,352.25858353078365,0.0,38.931095600128174,0.0,1.4142135623730951,0.004535861466002614,0.0,0.010354125863041215,0.0,0.026731065886841956,0.0,0.0029102973441082346,0.0,0.06600467685664196,0.0,0.020199396799413766,0.0,0.0050240284193046325,0.0,0.0007421890331559815,0.0,0.0013844670200891358,0.0,0.0028472096877579186,0.0,0.030087837645985417,0.0,0.0058629814902380175,0.0,0.0007062832374905581,0.0,0.28253933467126835,0.0,0.8652116304479411,0.0,0.013725620717854704,0.0,0.09755658904742696,0.0,1.465698246031033,0.0,0.04519857312513593,0.0
omol25_train_neutral,OMol25_train_neutral_data0063_395425,omol25_low,181,e3nn_baseline,2.0,0.028167013078927994,9926.0,0.04330994561314583,9926.0,0.08798958733677864,9926.0,0.009608222171664238,79408.0,0.31534135341644287,9926.0,0.0,0.0,0.7840626407414675,49630.0,0.2871743869036436,49630.0,0.0,0.0,0.0,0.0,73.22178795002401,49630.0,2.03855880536139,49630.0,0.07778140716254711,0.0,1.0352754034101963,0.0,60.38450254127383,0.0,2.785987313836813,0.0,129.63164658285677,0.0,271.60968501120806,0.0,76.69943077489734,0.0,1.4142135623730951,0.006004988203640525,0.0,0.003605502666416141,0.0,0.004664865159502154,0.0,0.0005475994985271406,0.0,0.015390311917611275,0.0,0.0,0.0,0.004888864697865007,0.0,0.002704556132938617,0.0,0.0,0.0,0.0,0.0,0.27229223750973297,0.0,0.006510756146805201,0.0,0.001084309816899044,0.0,0.06879007609731368,0.0,0.12042825306994115,0.0,0.012627712790119011,0.0,0.07673964615539207,0.0,0.37271222836898005,0.0,0.26915285512450643,0.0
omol25_train_neutral,OMol25_train_neutral_data0063_395425,omol25_low,181,e3nn_pair_full,2.0,0.022828951478004456,4963.0,0.04367241635918617,4963.0,0.09203762747347355,4963.0,0.01011076383292675,39704.0,0.3184951841831207,4963.0,0.08521890267729759,352373.0,0.6228387355804443,24815.0,0.2781327813863754,49630.0,0.08767284452915192,49630.0,0.572299025952816,124075.0,17.41543016396463,49630.0,2.397435111925006,49630.0,0.0622523482888937,0.0,1.0666066780686378,0.0,60.86156056262553,0.0,2.7790790889412165,0.0,121.36848736554384,0.0,209.64568643830717,0.0,22.340582450851798,0.0,1.4142135623730951,0.001772348002625182,0.0,0.0005886468629636741,0.0,0.0005733029480372009,0.0,0.00014063068017620143,0.0,0.0038894233891560957,0.0,0.0026587717828129983,0.0,0.012045726429396556,0.0,0.0033218273042792484,0.0,0.0006268022164263005,0.0,0.0025076374082908053,0.0,0.09056162158623537,0.0,0.0116929423904996,0.0,0.0006401007799822782,0.0,0.008711183910252473,0.0,0.09958920259899563,0.0,0.0012999908316920323,0.0,0.15077376525732092,0.0,0.3040991183776519,0.0,0.09668283833737537,0.0
omol25_validation,OMol25_validation_data0012_18589,omol25_low,350,e3nn_baseline,2.0,0.025908788666129112,17972.0,0.04339786246418953,17972.0,0.08838442154228687,17972.0,0.009566964581608772,143776.0,0.3060514107346535,17972.0,0.0,0.0,1.1308954562991858,89860.0,0.46260133385658264,89860.0,0.0,0.0,0.0,0.0,86.2646056804806,89860.0,3.486362472176552,89860.0,0.11757807806134224,0.0,1.0061996523290873,0.0,60.95724441111088,0.0,2.780337678268552,0.0,236.5749360062182,0.0,394.1237858030945,0.0,91.75389297306538,0.0,1.4142135623730951,0.0015658558334255596,0.0,0.0017809150737949785,0.0,0.0030929720063375037,0.0,0.0005032502466572144,0.0,0.00994906604839549,0.0,0.0,0.0,0.004301799124881803,0.0,0.0010179500124345015,0.0,0.0,0.0,0.0,0.0,0.16269455703179647,0.0,0.0019166218164738953,0.0,0.019616687191726875,0.0,0.04325442591350941,0.0,0.1434948981553204,0.0,0.018244591987512018,0.0,0.07709791036484517,0.0,0.3297662055338243,0.0,0.17496832788859734,0.0
omol25_validation,OMol25_validation_data0012_18589,omol25_low,350,e3nn_pair_full,2.0,0.02187672071158886,8986.0,0.04498274065554142,8986.0,0.09136362932622433,8986.0,0.00997660681605339,71888.0,0.31469883397221565,8986.0,0.08389158174395561,638006.0,0.7721803616732359,44930.0,0.4284991882741451,89860.0,0.10784934274852276,89860.0,0.9021841455250978,224650.0,29.560001334175467,89860.0,4.026400530710816,89860.0,0.08464823476970196,0.0,1.0529637336730957,0.0,61.0978604760021,0.0,2.7781305834650993,0.0,230.83165264688432,0.0,333.7808750104159,0.0,36.802402790635824,0.0,1.4142135623730951,0.0007577514473107067,0.0,0.0010939379303851822,0.0,0.003548802038280496,0.0,0.00034816583607354953,0.0,0.008357449863059686,0.0,0.0025763822353748445,0.0,0.001916975173443486,0.0,0.0009755852911334635,0.0,0.020189968025857725,0.0,0.0023441782273774473,0.0,0.024427161541692874,0.0,0.004681697108321614,0.0,0.01840283980520395,0.0,0.0455805530569883,0.0,0.10786226597248345,0.0,0.01167080570539264,0.0,0.07084878140391351,0.0,0.18589825171679694,0.0,0.024216334826071457,0.0
phonondb_pbe,phonondb_pbe.extxyz:0,matpes_r2scan,8,e3nn_baseline,2.0,0.021694181486964226,208.0,0.03814860247075558,208.0,0.08214777335524559,208.0,0.00870758667588234,1664.0,0.2954084426164627,208.0,0.0,0.0,0.4607356619089842,1040.0,0.06633279845118523,1040.0,0.0,0.0,0.0,0.0,61.63213434629142,1040.0,0.24801921099424362,1040.0,0.05222414620220661,0.0,0.940542109310627,0.0,60.34113257192075,0.0,2.7928573545068502,0.0,27.37137032672763,0.0,155.1950300578028,0.0,62.74547502398491,0.0,1.4142135623730951,0.000824100573870411,0.0,0.0010107540004337845,0.0,0.002593802060704539,0.0,0.00014852386294232856,0.0,0.01135721907861322,0.0,0.0,0.0,0.014227276551903659,0.0,0.0009591830567796033,0.0,0.0,0.0,0.0,0.0,0.371130986862556,0.0,0.00810884931766785,0.0,0.00035900458873075204,0.0,0.017925688150658738,0.0,0.2195014493894097,0.0,0.010889607255207155,0.0,0.2392676002142429,0.0,0.8483156798195989,0.0,0.3814499500019944,0.0
phonondb_pbe,phonondb_pbe.extxyz:0,matpes_r2scan,8,e3nn_pair_full,2.0,0.018583890050649643,104.0,0.04021478816866875,104.0,0.0826710369437933,104.0,0.008780509233474731,832.0,0.29456219635903835,104.0,0.07593459449708462,7384.0,0.4557700362056494,520.0,0.09439154528081417,1040.0,0.07733302190899849,1040.0,0.225540017709136,2600.0,8.123010629788041,1040.0,0.4385268781334162,1040.0,0.04880907945334911,0.0,0.9653548710048199,0.0,60.53575510159135,0.0,2.785400813445449,0.0,40.365177765488625,0.0,116.08839118853211,0.0,10.296338284388185,0.0,1.4142135623730951,0.00015833465735490585,0.0,0.0026729771139494297,0.0,0.0030182262951132526,0.0,0.00011861838149968333,0.0,0.011695055298439741,0.0,0.00329884880095539,0.0,0.004636755497224969,0.0,0.0015443934885627736,0.0,0.00011427477896809036,0.0,0.00265059406129489,0.0,0.14053603482824792,0.0,0.005578069376476514,0.0,0.0007689219876905577,0.0,0.020086845957060617,0.0,0.28939766133438105,0.0,0.015047464938175817,0.0,0.8544926649634916,0.0,1.3167792315671365,0.0,0.1658001134905156,0.0
qm9_hf,0_3057,qcml,29,e3nn_baseline,2.0,0.023631006479263306,570.0,0.04225727170705795,570.0,0.08248365484178066,570.0,0.008928263559937477,4560.0,0.3025021404027939,570.0,0.0,0.0,0.4523972049355507,2850.0,0.0771944411098957,2850.0,0.0,0.0,0.0,0.0,62.169016199186444,2850.0,0.2937139943242073,2850.0,0.05339551717042923,0.0,0.9595084004104137,0.0,60.662095388397574,0.0,2.8026990592479706,0.0,27.878004033118486,0.0,156.6798664163798,0.0,63.34080966189504,0.0,1.4142135623730951,0.0009363459987880027,0.0,0.00256271606828208,0.0,0.0019804685330945798,0.0,0.00025733963717052466,0.0,0.014979967677498986,0.0,0.0,0.0,0.0025942566071161925,0.0,0.0023651611271060646,0.0,0.0,0.0,0.0,0.0,0.34730359660176635,0.0,0.010905859144255688,0.0,0.0010043213979198838,0.0,0.019459932543253632,0.0,0.20328861937611747,0.0,0.024256487548947363,0.0,0.25595578402266517,0.0,0.5500189700982162,0.0,0.3636645990337995,0.0
qm9_hf,0_3057,qcml,29,e3nn_pair_full,2.0,0.01994301564991474,285.0,0.039419811218976974,285.0,0.08173822425305843,285.0,0.008841371163725853,2280.0,0.29700719751417637,285.0,0.08019888773560524,20235.0,0.4674504045397043,1425.0,0.10100030340254307,2850.0,0.08197557181119919,2850.0,0.23939996026456356,7125.0,8.249598881229758,2850.0,0.47848173417150974,2850.0,0.050658080726861954,0.0,1.0068082250654697,0.0,61.06560886837542,0.0,2.816020930185914,0.0,40.78750987537205,0.0,117.37237675115466,0.0,10.534871369600296,0.0,1.4142135623730951,0.0020783584158661304,0.0,0.0019829684817946735,0.0,0.0018917792316686343,0.0,0.00013986721057385721,0.0,0.010319685832205815,0.0,0.0108463388355271,0.0,0.014685069981061925,0.0,0.0021706287915169297,0.0,0.0060380095257733905,0.0,0.0030597512752543305,0.0,0.10772549731774615,0.0,0.018207332188762016,0.0,0.0011519567608106974,0.0,0.06058042935464123,0.0,0.40654793073379125,0.0,0.045174650396546695,0.0,0.10423981209256966,0.0,0.5946018748686052,0.0,0.1421964397636876,0.0
rmd17,rmd17_azobenzene,spice,24,e3nn_baseline,2.0,0.02257055602967739,366.0,0.038571981713175774,366.0,0.08324161171913147,366.0,0.008974224328994751,2928.0,0.289327185600996,366.0,0.0,0.0,0.4473224747925997,1830.0,0.06834510713815689,1830.0,0.0,0.0,0.0,0.0,61.45117240957916,1830.0,0.2587730996310711,1830.0,0.05250824615359306,0.0,0.9360659401863813,0.0,60.35782308317721,0.0,2.789077442139387,0.0,27.260014740750194,0.0,154.90553542040288,0.0,62.56064041517675,0.0,1.4142135623730951,0.0009656255815858423,0.0,0.0005601404494179061,0.0,0.0024491674291010567,0.0,0.00014719699869043413,0.0,0.006293591178611061,0.0,0.0,0.0,0.00514547882575607,0.0,0.0005172818903347937,0.0,0.0,0.0,0.0,0.0,0.09861672242556374,0.0,0.0012279968013511355,0.0,0.0017797708445543082,0.0,0.010274491018689666,0.0,0.05797616158153198,0.0,0.008191933370511403,0.0,0.06255187954608238,0.0,0.16783004730049308,0.0,0.10139757321698767,0.0
rmd17,rmd17_azobenzene,spice,24,e3nn_pair_full,2.0,0.018900400027632713,183.0,0.03779623657464981,183.0,0.08066720329225063,183.0,0.00882851891219616,1464.0,0.28690220788121223,183.0,0.07466464303433895,12993.0,0.4530861973762512,915.0,0.09516500867903233,1830.0,0.0786398071795702,1830.0,0.23003523238003254,4575.0,8.130070986226201,1830.0,0.44737583957612514,1830.0,0.04931958392262459,0.0,0.9462562389671803,0.0,60.47382298856974,0.0,2.792698796838522,0.0,40.10169175453484,0.0,115.74297877959907,0.0,10.308500612154603,0.0,1.4142135623730951,0.0002931880383788193,0.0,0.0005700851078179606,0.0,0.0016412724578699547,0.0,9.988856846812067e-05,0.0,0.0038843460120989676,0.0,0.002541810703144647,0.0,0.0040213966393622,0.0,0.0016520276626989178,0.0,0.0006276307588175849,0.0,0.0012992289593829662,0.0,0.04970467329056191,0.0,0.003480188724024674,0.0,0.0005955766541179303,0.0,0.011931964631189907,0.0,0.13784917728794477,0.0,0.02488341529141548,0.0,0.06840055066800788,0.0,0.13233478132389626,0.0,0.05599593038622521,0.0
salex_train_official,alex_go_aao_005:4493,omat24,132,e3nn_baseline,2.0,0.029071373865008354,9932.0,0.04650256596505642,9932.0,0.09172456339001656,9932.0,0.010137027129530907,79456.0,0.32343980856239796,9932.0,0.0,0.0,0.7808558642864227,49660.0,0.2847837284207344,49660.0,0.0,0.0,0.0,0.0,73.5519677400589,49660.0,2.029096521437168,49660.0,0.06874771788716316,0.0,1.0830219835042953,0.0,60.643134685233235,0.0,2.7899890206754208,0.0,129.53300587832928,0.0,272.1374051645398,0.0,77.00045313686132,0.0,1.4142135623730951,0.0018290546130995873,0.0,0.0005091422203543723,0.0,0.00037261976453969954,0.0,0.0002817902407749051,0.0,0.0034333194416404666,0.0,0.0,0.0,0.007648756985893627,0.0,0.0032173832594972413,0.0,0.0,0.0,0.0,0.0,0.08051536420899429,0.0,0.02917707566353926,0.0,0.00018524304507521952,0.0,0.005383801756004523,0.0,0.07355408065107169,0.0,0.008634538020065537,0.0,0.04153376926667976,0.0,0.14843811343032368,0.0,0.08551630216782868,0.0
salex_train_official,alex_go_aao_005:4493,omat24,132,e3nn_pair_full,2.0,0.021626800298690796,4966.0,0.04437076859176159,4966.0,0.09063137695193291,4966.0,0.009713368490338326,39728.0,0.3144831396639347,4966.0,0.08782590739428997,352586.0,0.6168066989630461,24830.0,0.2792228013277054,49660.0,0.08719684556126595,49660.0,0.5693871062248945,124150.0,17.476307414472103,49660.0,2.3100677877664566,49660.0,0.058213528245687485,0.0,1.0494057089090347,0.0,60.92052082531154,0.0,2.791458275169134,0.0,121.41648316755891,0.0,209.70404241234064,0.0,22.304707812145352,0.0,1.4142135623730951,0.0008192526681108268,0.0,0.0014293840299570318,0.0,0.002430674996993857,0.0,0.00046625013019951575,0.0,0.008233597397844595,0.0,0.002172625451993345,0.0,0.008105718836719936,0.0,0.004090653142682223,0.0,0.0003926098152358873,0.0,0.0038426938042454943,0.0,0.09619432315658501,0.0,0.003932582815375118,0.0,0.0007381752761927231,0.0,0.04653086491566941,0.0,0.1042437583565157,0.0,0.009186330100089244,0.0,0.13629315290053398,0.0,0.16159404417866152,0.0,0.1110666351869183,0.0
salex_val_official,alex_go_aao_006:1039,omat24,128,e3nn_baseline,2.0,0.028533581644296646,13088.0,0.045931991189718246,13088.0,0.09078513830900192,13088.0,0.010146386921405792,104704.0,0.318194180727005,13088.0,0.0,0.0,0.8914998266845942,65440.0,0.35448274575173855,65440.0,0.0,0.0,0.0,0.0,78.06044747121632,65440.0,2.554729115217924,65440.0,0.07021715864539146,0.0,1.0483752004802227,0.0,60.6910218950361,0.0,2.796235354617238,0.0,171.1689169984311,0.0,319.01557953096926,0.0,82.2216778062284,0.0,1.4142135623730951,0.0006212813630486687,0.0,0.001829872287955574,0.0,0.00332766571994458,0.0,0.00035011797933414524,0.0,0.01136943419854052,0.0,0.0,0.0,0.006357030007314557,0.0,0.0019605303648412642,0.0,0.0,0.0,0.0,0.0,0.059888792571129154,0.0,0.00780173481743442,0.0,0.0003531301653181545,0.0,0.05016625157301479,0.0,0.063422041964804,0.0,0.020562714823000323,0.0,0.1043945441783385,0.0,0.24025115035673722,0.0,0.058077446114423156,0.0
salex_val_official,alex_go_aao_006:1039,omat24,128,e3nn_pair_full,2.0,0.023179594427347183,6544.0,0.04674200899899006,6544.0,0.09569157846271992,6544.0,0.010115373879671097,52352.0,0.3230117727071047,6544.0,0.08982038125395775,464624.0,0.6679100915789604,32720.0,0.33942018635571003,65440.0,0.09055426344275475,65440.0,0.7010138127952814,163600.0,21.900472696870565,65440.0,2.837509987875819,65440.0,0.058508384972810745,0.0,1.0904451366513968,0.0,60.87955441325903,0.0,2.7840877883136272,0.0,164.75092326290905,0.0,258.26489296741784,0.0,27.507739141583443,0.0,1.4142135623730951,0.0011963916440030156,0.0,0.0019523179628935182,0.0,0.003755932595110125,0.0,0.00022069694323036097,0.0,0.008713683105367338,0.0,0.002230538013404413,0.0,0.004834699419270103,0.0,0.002360653265975083,0.0,0.0008012067295793337,0.0,0.0030593375997510783,0.0,0.07962321225728122,0.0,0.012308339750831074,0.0,0.0009405112807462807,0.0,0.02855072454243966,0.0,0.20271709700311247,0.0,0.008500858488752348,0.0,0.05396190151128955,0.0,0.34068096371813966,0.0,0.10727790811340136,0.0
spice_2023,hie__SPICE_Solvated_Amino_Acids_Single_Points_Dataset_v1.1__index_49,spice,89,e3nn_baseline,2.0,0.024842051789164543,728.0,0.04070065915584564,728.0,0.08692084811627865,728.0,0.008957786485552788,5824.0,0.31511588022112846,728.0,0.0,0.0,0.4677587188780308,3640.0,0.08009853772819042,3640.0,0.0,0.0,0.0,0.0,61.160404328256845,3640.0,0.3033083397895098,3640.0,0.058762961998581886,0.0,0.9692283347249031,0.0,60.247630858793855,0.0,2.7848193421959877,0.0,27.280025044456124,0.0,154.67786099761724,0.0,62.35682889819145,0.0,1.4142135623730951,0.0006243091095574946,0.0,0.0011944947342245485,0.0,0.002551464234923536,0.0,0.0001004761320877131,0.0,0.020179119900537366,0.0,0.0,0.0,0.0065664782728268945,0.0,0.0024426930530767003,0.0,0.0,0.0,0.0,0.0,0.1175823012056379,0.0,0.0030966256100158564,0.0,0.002770482848616622,0.0,0.004101873692804999,0.0,0.10415402012347647,0.0,0.013798065749516602,0.0,0.18864852376288826,0.0,0.20966267254770313,0.0,0.12372859142722786,0.0
spice_2023,hie__SPICE_Solvated_Amino_Acids_Single_Points_Dataset_v1.1__index_49,spice,89,e3nn_pair_full,2.0,0.020543765276670456,364.0,0.044431816786527634,364.0,0.08958596736192703,364.0,0.008872384205460548,2912.0,0.3120101522654295,364.0,0.07644742727279663,25844.0,0.47033452428877354,1820.0,0.12095039710402489,3640.0,0.07990021258592606,3640.0,0.24711205624043941,9100.0,7.994264597073197,3640.0,0.4918020684272051,3640.0,0.05455212667584419,0.0,1.1052814777940512,0.0,61.06627392582595,0.0,2.7747297193855047,0.0,40.07749040611088,0.0,116.51262431405485,0.0,10.308629553765059,0.0,1.4142135623730951,0.00044061318848662086,0.0,0.0023320247363283622,0.0,0.0011445881447774387,0.0,0.00016759605810700938,0.0,0.005427360014312956,0.0,0.00087913281312431,0.0,0.005992926156015798,0.0,0.03720412189768855,0.0,0.0016251844805451794,0.0,0.0027730312615367263,0.0,0.0660541471061059,0.0,0.0030496796833246447,0.0,0.0008187860618276259,0.0,0.04132654232256326,0.0,0.12029201694111964,0.0,0.015044602418096674,0.0,0.043459343313134724,0.0,0.09708160900625838,0.0,0.07329064746795229,0.0
wbm_initial,wbm_initial:23057,matpes_pbe,100,e3nn_baseline,2.0,0.02261740155518055,2260.0,0.0377175398170948,2260.0,0.08219284936785698,2260.0,0.008902046829462051,18080.0,0.2902185544371605,2260.0,0.0,0.0,0.5106545984745026,11300.0,0.11323573999106884,11300.0,0.0,0.0,0.0,0.0,62.294574081897736,11300.0,0.6458908319473267,11300.0,0.06110747344791889,0.0,0.9379656985402107,0.0,60.28288290835917,0.0,2.782625425606966,0.0,27.040620241314173,0.0,155.95277580432594,0.0,63.91316973604262,0.0,1.4142135623730951,0.0003470084354925321,0.0,0.0007635052474614908,0.0,0.0019915714050753757,0.0,0.00017511656909344116,0.0,0.006852033176263939,0.0,0.0,0.0,0.005593976036286992,0.0,0.0005865165829913909,0.0,0.0,0.0,0.0,0.0,0.11180368226959442,0.0,0.00250487417494919,0.0,0.001740631132381773,0.0,0.010571765489229645,0.0,0.10880956693339931,0.0,0.011670328538781324,0.0,0.08760288603600666,0.0,0.17784495258462785,0.0,0.10579095153514163,0.0
wbm_initial,wbm_initial:23057,matpes_pbe,100,e3nn_pair_full,2.0,0.0193160492926836,1130.0,0.04004756920039654,1130.0,0.08359802886843681,1130.0,0.00906861387193203,9040.0,0.2977123949676752,1130.0,0.07737474516034126,80230.0,0.481806555762887,5650.0,0.13472232967615128,11300.0,0.08113924413919449,11300.0,0.3011725377291441,28250.0,8.372322004288435,11300.0,0.7436703890562057,11300.0,0.055215414613485336,0.0,0.984494062140584,0.0,60.777449840679765,0.0,2.780727157369256,0.0,39.91091903299093,0.0,116.61926414817572,0.0,11.018358310684562,0.0,1.4142135623730951,0.00013647970697922674,0.0,0.0016861094179629744,0.0,0.0005958291371313266,0.0,0.00027890372980257606,0.0,0.0028818316811273395,0.0,0.0014081456350989424,0.0,0.004134293739620238,0.0,0.00538642551418923,0.0,0.00019763257524682982,0.0,0.00018977388047203647,0.0,0.02674588566276029,0.0,0.003529007803069749,0.0,0.0002722574883923277,0.0,0.021485753517512408,0.0,0.1355124376611226,0.0,0.004619677792703395,0.0,0.09550907294244941,0.0,0.24796816225924492,0.0,0.05057436775074256,0.0
